dataset,model,simp_algorithm,performance,comp@loy=0.8,num_segm@loy=0.8,time
AdiacTEST_normalized,cnn_norm.pth,OS,0.917075265002473,0.0903560214964461,20.7342777864012,0.0
AdiacTEST_normalized,cnn_norm.pth,RDP,0.82934667394173,0.0944560291671442,2.06060606060606,0.0
AdiacTEST_normalized,cnn_norm.pth,VW,0.870908230364511,0.106135063164992,8.73354717764311,0.0
AdiacTEST_normalized,cnn_norm.pth,BU_1,0.822399115769839,0.0895194486965223,4.98752848348808,0.0
AdiacTEST_normalized,cnn_norm.pth,BU_2,0.763462305371155,0.173324611678759,8.10637009828929,0.0
BMETEST_normalized,decision-tree_norm.pkl,OS,0.890279728203283,"(0.16259842519685042, 1.0)",,100.7541727
BMETEST_normalized,decision-tree_norm.pkl,RDP,0.887693849360059,"(0.06291338582677167, 0.8542880932556203)",,0.68849
BMETEST_normalized,decision-tree_norm.pkl,VW,0.796375308840383,"(1.0, 1.0)",,0.0236162
BMETEST_normalized,decision-tree_norm.pkl,BU_1,0.914798280763729,"(0.04874015748031496, 0.8126561199000832)",,0.475494
BMETEST_normalized,decision-tree_norm.pkl,LSF,0.5,"(0.0, 0.0)",,0.0
BMETEST_normalized,logistic-regression_norm.pkl,OS,0.890279728203283,"(0.07354330708661416, 1.0)",,100.8930101
BMETEST_normalized,logistic-regression_norm.pkl,RDP,0.887693849360059,"(0.021102362204724407, 1.0)",,0.6851462
BMETEST_normalized,logistic-regression_norm.pkl,VW,0.796375308840383,"(1.0, 1.0)",,0.0237643
BMETEST_normalized,logistic-regression_norm.pkl,BU_1,0.914798280763729,"(0.03015748031496063, 1.0)",,0.4745168
BMETEST_normalized,logistic-regression_norm.pkl,LSF,0.5,"(0.0, 0.0)",,0.0
BMETEST_normalized,cnn_norm.pth,OS,0.95940128203296,0.0465976804215262,6.83586407258064,0.0
BMETEST_normalized,cnn_norm.pth,RDP,0.97248257069428,0.0171969526177649,1.81,0.0
BMETEST_normalized,cnn_norm.pth,VW,0.93154482605587,1,1.0,0.0
BMETEST_normalized,cnn_norm.pth,BU_1,0.965029716403315,0.045525569830087,3.31920024335835,0.0
BMETEST_normalized,cnn_norm.pth,BU_2,0.931682580012526,0.0831771239121425,5.03840048671669,0.0
CBFTEST_normalized,cnn_norm.pth,OS,0.87945322622334,0.228205349459801,29.2890382771159,0.0
CBFTEST_normalized,cnn_norm.pth,RDP,0.917815849136714,0.127617010662338,2.03412377920098,0.0
CBFTEST_normalized,cnn_norm.pth,VW,0.86599488884608,0.178298863968625,17.4825951028698,0.0
CBFTEST_normalized,cnn_norm.pth,BU_1,0.919115310443981,0.16503243244661,3.18,0.0
CBFTEST_normalized,cnn_norm.pth,BU_2,0.820044348241765,0.32219084914519,4.75,0.0
ChinatownTEST_normalized,decision-tree_norm.pkl,LSF,0.5,"(0.0, 0.0)",,0.0
ChinatownTEST_normalized,decision-tree_norm.pkl,BU_1,0.914798280763729,"(0.15260869565217386, 0.41509433962264153)",,0.0506796999999999
ChinatownTEST_normalized,decision-tree_norm.pkl,VW,0.796375308840383,"(0.3665217391304347, 0.875)",,0.0056313
ChinatownTEST_normalized,decision-tree_norm.pkl,RDP,0.887693849360059,"(0.043478260869565216, 0.171875)",,0.1040072
ChinatownTEST_normalized,knn_norm.pkl,LSF,0.5,"(0.0, 0.0)",,0.0
ChinatownTEST_normalized,knn_norm.pkl,BU_1,0.914798280763729,"(1.0416666666666679, 1.0)",,0.0
ChinatownTEST_normalized,knn_norm.pkl,VW,0.796375308840383,"(1.0, 1.0)",,0.0
ChinatownTEST_normalized,knn_norm.pkl,RDP,0.887693849360059,"(0.9987499999999998, 1.0)",,0.0
ChinatownTEST_normalized,knn_norm.pkl,OS,0.890279728203283,"(0.1687499999999999, 1.0)",,0.0
ChinatownTEST_normalized,cnn_norm.pth,BU_1,0.882940905511072,0.293977018118944,2.0,0.0
ChinatownTEST_normalized,cnn_norm.pth,BU_2,0.675466319264595,0.541951389011377,2.24,0.0
DistalPhalanxOutlineAgeGroupTEST_normalized,decision-tree_norm.pkl,OS,0.890279728203283,"(0.3140506329113924, 0.7993579454253612)",,26.0838133
DistalPhalanxOutlineAgeGroupTEST_normalized,decision-tree_norm.pkl,RDP,0.887693849360059,"(0.14417721518987345, 0.25803792250618307)",,0.5702328
DistalPhalanxOutlineAgeGroupTEST_normalized,decision-tree_norm.pkl,VW,0.796375308840383,"(0.26506329113924054, 0.7576177285318559)",,0.0161902999999999
DistalPhalanxOutlineAgeGroupTEST_normalized,decision-tree_norm.pkl,BU_1,0.914798280763729,"(0.06000000000000002, 0.28435114503816794)",,0.2857875
DistalPhalanxOutlineAgeGroupTEST_normalized,decision-tree_norm.pkl,LSF,0.5,"(0.0, 0.0)",,0.0
DistalPhalanxOutlineAgeGroupTEST_normalized,logistic-regression_norm.pkl,OS,0.890279728203283,"(0.9054430379746834, 1.0)",,26.1114441
DistalPhalanxOutlineAgeGroupTEST_normalized,logistic-regression_norm.pkl,RDP,0.887693849360059,"(0.9927848101265824, 1.0)",,0.5470046
DistalPhalanxOutlineAgeGroupTEST_normalized,logistic-regression_norm.pkl,VW,0.796375308840383,"(1.0, 1.0)",,0.0161148999999999
DistalPhalanxOutlineAgeGroupTEST_normalized,logistic-regression_norm.pkl,BU_1,0.914798280763729,"(1.0126582278481016, 1.0)",,0.2753914
DistalPhalanxOutlineAgeGroupTEST_normalized,logistic-regression_norm.pkl,LSF,0.5,"(0.0, 0.0)",,0.0
DistalPhalanxOutlineAgeGroupTEST_normalized,knn_norm.pkl,OS,0.890279728203283,"(0.3140506329113924, 1.0)",,26.0365666
DistalPhalanxOutlineAgeGroupTEST_normalized,knn_norm.pkl,RDP,0.887693849360059,"(0.14417721518987345, 0.8913043478260869)",,0.5533448
DistalPhalanxOutlineAgeGroupTEST_normalized,knn_norm.pkl,VW,0.796375308840383,"(0.20139240506329112, 0.8275862068965517)",,0.0160193
DistalPhalanxOutlineAgeGroupTEST_normalized,knn_norm.pkl,BU_1,0.914798280763729,"(0.11468354430379747, 0.732824427480916)",,0.2764081
DistalPhalanxOutlineAgeGroupTEST_normalized,knn_norm.pkl,LSF,0.5,"(0.0, 0.0)",,0.0
DistalPhalanxOutlineAgeGroupTEST_normalized,cnn_norm.pth,OS,0.876983274034056,0.178287028238367,14.4553907917059,0.0
DistalPhalanxOutlineAgeGroupTEST_normalized,cnn_norm.pth,RDP,0.894759899349574,0.208244956781121,1.89,0.0
DistalPhalanxOutlineAgeGroupTEST_normalized,cnn_norm.pth,VW,0.847914840512588,0.193682557053494,10.1850158643909,0.0
DistalPhalanxOutlineAgeGroupTEST_normalized,cnn_norm.pth,BU_1,0.919740551468943,0.159027237701294,3.69,0.0
DistalPhalanxOutlineAgeGroupTEST_normalized,cnn_norm.pth,BU_2,0.834507101500574,0.305396247554487,5.68,0.0
DistalPhalanxOutlineCorrectTEST_normalized,cnn_norm.pth,OS,0.899736020213069,0.246222784810127,8.57918309327037,0.0
DistalPhalanxOutlineCorrectTEST_normalized,cnn_norm.pth,RDP,0.890191045386345,0.294800228289488,1.04,0.0
DistalPhalanxOutlineCorrectTEST_normalized,cnn_norm.pth,VW,0.863355370170529,0.279361338558664,10.4429571428571,0.0
DistalPhalanxOutlineCorrectTEST_normalized,cnn_norm.pth,BU_1,0.919821419310901,0.182476946859346,3.42651071428571,0.0
DistalPhalanxOutlineCorrectTEST_normalized,cnn_norm.pth,BU_2,0.81549175751801,0.352295665870591,5.85302142857143,0.0
DistalPhalanxTWTEST_normalized,cnn_norm.pth,OS,0.854418333974897,0.174772572860462,15.2068618025751,0.0
DistalPhalanxTWTEST_normalized,cnn_norm.pth,RDP,0.859706142747703,0.175101351236247,1.87,0.0
DistalPhalanxTWTEST_normalized,cnn_norm.pth,VW,0.833572734270786,0.221016458674609,9.71965651746188,0.0
DistalPhalanxTWTEST_normalized,cnn_norm.pth,BU_1,0.885842116241765,0.119526429008792,3.64997406930581,0.0
DistalPhalanxTWTEST_normalized,cnn_norm.pth,BU_2,0.773173546422173,0.226394630169482,5.53994813861162,0.0
ECG200TEST_normalized,decision-tree_norm.pkl,OS,0.890279728203283,"(0.18496240601503763, 0.8539638386648123)",,25.3435969
ECG200TEST_normalized,decision-tree_norm.pkl,RDP,0.887693849360059,"(0.052781954887218055, 0.6115906288532675)",,0.3817672
ECG200TEST_normalized,decision-tree_norm.pkl,VW,0.796375308840383,"(0.13263157894736843, 0.8113207547169812)",,0.0126695
ECG200TEST_normalized,decision-tree_norm.pkl,BU_1,0.914798280763729,"(0.06285714285714285, 0.6592489568845619)",,0.1732895
ECG200TEST_normalized,decision-tree_norm.pkl,LSF,0.5,"(0.0, 0.0)",,0.0
ECG200TEST_normalized,logistic-regression_norm.pkl,OS,0.890279728203283,"(0.10962406015037593, 0.9190751445086706)",,25.2740144
ECG200TEST_normalized,logistic-regression_norm.pkl,RDP,0.887693849360059,"(0.08751879699248119, 0.8810872027180068)",,0.3818591
ECG200TEST_normalized,logistic-regression_norm.pkl,VW,0.796375308840383,"(0.13263157894736843, 1.0)",,0.0127215
ECG200TEST_normalized,logistic-regression_norm.pkl,BU_1,0.914798280763729,"(0.06285714285714285, 0.8446170921198668)",,0.1708621
ECG200TEST_normalized,logistic-regression_norm.pkl,LSF,0.5,"(0.0, 0.0)",,0.0
ECG200TEST_normalized,knn_norm.pkl,OS,0.890279728203283,"(0.10962406015037593, 0.7986852917009039)",,25.2721006
ECG200TEST_normalized,knn_norm.pkl,RDP,0.887693849360059,"(0.052781954887218055, 0.5412490362374711)",,0.3710813
ECG200TEST_normalized,knn_norm.pkl,VW,0.796375308840383,"(0.1581954887218045, 0.9113924050632911)",,0.0138986
ECG200TEST_normalized,knn_norm.pkl,BU_1,0.914798280763729,"(0.06285714285714285, 0.41710825132475393)",,0.1703588
ECG200TEST_normalized,knn_norm.pkl,LSF,0.5,"(0.0, 0.0)",,0.0
ECG200TEST_normalized,cnn_norm.pth,OS,0.880068323146027,0.097108069141927,11.7319109461967,0.0
ECG200TEST_normalized,cnn_norm.pth,RDP,0.870700763934129,0.0703357472021067,1.45714285714286,0.0
ECG200TEST_normalized,cnn_norm.pth,VW,0.886510613743494,0.124121160042965,10.7571428571429,0.0
ECG200TEST_normalized,cnn_norm.pth,BU_1,0.918068613322662,0.125587721882025,2.54786641929499,0.0
ECG200TEST_normalized,cnn_norm.pth,BU_2,0.837614560888815,0.240539493062553,3.98144712430427,0.0
ElectricDevicesTEST_normalized,knn_norm.pkl,OS,0.890279728203283,"(0.16768421052631577, 1.0)",,43.4905681
ElectricDevicesTEST_normalized,knn_norm.pkl,RDP,0.887693849360059,"(0.17600000000000005, 1.0)",,0.488108
ElectricDevicesTEST_normalized,knn_norm.pkl,VW,0.796375308840383,"(1.0, 1.0)",,0.0180762
ElectricDevicesTEST_normalized,knn_norm.pkl,BU_1,0.914798280763729,"(1.0105263157894735, 1.0)",,0.4098512
ElectricDevicesTEST_normalized,knn_norm.pkl,LSF,0.5,"(0.0, 0.0)",,0.0
ElectricDevicesTEST_normalized,cnn_norm.pth,OS,0.843395038989917,0.224722930022892,21.082999943899,0.0
ElectricDevicesTEST_normalized,cnn_norm.pth,RDP,0.871251317033936,0.216426050267741,1.94,0.0
ElectricDevicesTEST_normalized,cnn_norm.pth,VW,0.875048474142361,0.183543670423688,5.11676053893583,0.0
ElectricDevicesTEST_normalized,cnn_norm.pth,BU_1,0.896948708132355,0.15885815224647,2.03003020813481,0.0
ElectricDevicesTEST_normalized,cnn_norm.pth,BU_2,0.793687564789119,0.306832165401797,2.21006041626962,0.0
FacesUCRTEST_normalized,cnn_norm.pth,OS,0.765999992775875,0.273305777245975,36.9919701011615,0.0
FacesUCRTEST_normalized,cnn_norm.pth,RDP,0.703607872787044,0.403904922180402,2.0,0.0
FacesUCRTEST_normalized,cnn_norm.pth,VW,0.729768985141809,0.348236042553191,11.9487249119398,0.0
FacesUCRTEST_normalized,cnn_norm.pth,BU_1,0.716769204208098,0.378084923076923,2.633345,0.0
FacesUCRTEST_normalized,cnn_norm.pth,BU_2,0.568225591037731,0.551776553846154,3.32669,0.0
GunPointAgeSpanTEST_normalized,decision-tree_norm.pkl,OS,0.890279728203283,"(0.07926174496644295, 0.9693251533742331)",,158.9379515
GunPointAgeSpanTEST_normalized,decision-tree_norm.pkl,RDP,0.887693849360059,"(0.030067114093959738, 0.5340710541642399)",,0.65094
GunPointAgeSpanTEST_normalized,decision-tree_norm.pkl,VW,0.796375308840383,"(0.0893288590604027, 0.9693251533742331)",,0.0273734
GunPointAgeSpanTEST_normalized,decision-tree_norm.pkl,BU_1,0.914798280763729,"(0.038993288590604025, 0.8059866962305986)",,0.5757172
GunPointAgeSpanTEST_normalized,decision-tree_norm.pkl,LSF,0.5,"(0.0, 0.0)",,0.0
GunPointAgeSpanTEST_normalized,logistic-regression_norm.pkl,OS,0.890279728203283,"(0.07926174496644295, 1.0)",,158.8113169
GunPointAgeSpanTEST_normalized,logistic-regression_norm.pkl,RDP,0.887693849360059,"(0.030067114093959738, 0.17721518987341778)",,0.691266
GunPointAgeSpanTEST_normalized,logistic-regression_norm.pkl,VW,0.796375308840383,"(1.0, 1.0)",,0.0566253
GunPointAgeSpanTEST_normalized,logistic-regression_norm.pkl,BU_1,0.914798280763729,"(0.038993288590604025, 1.0)",,0.607595
GunPointAgeSpanTEST_normalized,logistic-regression_norm.pkl,LSF,0.5,"(0.0, 0.0)",,0.0
GunPointAgeSpanTEST_normalized,knn_norm.pkl,OS,0.890279728203283,"(0.07926174496644295, 0.9796582587469488)",,158.9907229
GunPointAgeSpanTEST_normalized,knn_norm.pkl,RDP,0.887693849360059,"(0.030067114093959738, 0.8407643312101911)",,0.6467586
GunPointAgeSpanTEST_normalized,knn_norm.pkl,VW,0.796375308840383,"(0.058859060402684564, 0.9594155844155844)",,0.0297252
GunPointAgeSpanTEST_normalized,knn_norm.pkl,BU_1,0.914798280763729,"(0.038993288590604025, 0.859663191659984)",,0.5744021
GunPointAgeSpanTEST_normalized,knn_norm.pkl,LSF,0.5,"(0.0, 0.0)",,0.0
GunPointAgeSpanTEST_normalized,cnn_norm.pth,OS,0.976490410995463,0.0294451483085116,4.95102040816327,0.0
GunPointAgeSpanTEST_normalized,cnn_norm.pth,RDP,0.976124485367977,0.0225349539547363,1.85,0.0
GunPointAgeSpanTEST_normalized,cnn_norm.pth,VW,0.955693717613248,1,1.0,0.0
GunPointAgeSpanTEST_normalized,cnn_norm.pth,BU_1,0.986701361771828,0.020262793956775,3.52,0.0
GunPointAgeSpanTEST_normalized,cnn_norm.pth,BU_2,0.958269390210329,0.0338141785175768,5.31,0.0
GunPointOldVersusYoungTEST_normalized,decision-tree_norm.pkl,OS,0.890279728203283,"(0.307248322147651, 1.0)",,162.4605096
GunPointOldVersusYoungTEST_normalized,decision-tree_norm.pkl,RDP,0.887693849360059,"(0.9991946308724833, 1.0)",,0.6135804
GunPointOldVersusYoungTEST_normalized,decision-tree_norm.pkl,VW,0.796375308840383,"(1.0, 1.0)",,0.0281975
GunPointOldVersusYoungTEST_normalized,decision-tree_norm.pkl,BU_1,0.914798280763729,"(1.006711409395973, 1.0)",,0.5988085
GunPointOldVersusYoungTEST_normalized,decision-tree_norm.pkl,LSF,0.5,"(0.0, 0.0)",,0.0
GunPointOldVersusYoungTEST_normalized,logistic-regression_norm.pkl,OS,0.890279728203283,"(0.307248322147651, 1.0)",,162.0715896
GunPointOldVersusYoungTEST_normalized,logistic-regression_norm.pkl,RDP,0.887693849360059,"(0.9991946308724833, 1.0)",,0.6416825
GunPointOldVersusYoungTEST_normalized,logistic-regression_norm.pkl,VW,0.796375308840383,"(1.0, 1.0)",,0.0561891999999999
GunPointOldVersusYoungTEST_normalized,logistic-regression_norm.pkl,BU_1,0.914798280763729,"(1.006711409395973, 1.0)",,0.6266841
GunPointOldVersusYoungTEST_normalized,logistic-regression_norm.pkl,LSF,0.5,"(0.0, 0.0)",,0.0
GunPointOldVersusYoungTEST_normalized,knn_norm.pkl,OS,0.890279728203283,"(0.307248322147651, 1.0)",,160.8749651
GunPointOldVersusYoungTEST_normalized,knn_norm.pkl,RDP,0.887693849360059,"(0.9991946308724833, 1.0)",,0.6091211
GunPointOldVersusYoungTEST_normalized,knn_norm.pkl,VW,0.796375308840383,"(1.0, 1.0)",,0.0300537
GunPointOldVersusYoungTEST_normalized,knn_norm.pkl,BU_1,0.914798280763729,"(1.006711409395973, 1.0)",,0.5977559
GunPointOldVersusYoungTEST_normalized,knn_norm.pkl,LSF,0.5,"(0.0, 0.0)",,0.0
GunPointOldVersusYoungTEST_normalized,cnn_norm.pth,OS,0.976533333333333,0.0174192814844059,5.032,0.0
GunPointOldVersusYoungTEST_normalized,cnn_norm.pth,RDP,0.986376501238314,0.0092252920608149,2.0,0.0
GunPointOldVersusYoungTEST_normalized,cnn_norm.pth,VW,0.955933333333333,1,1.0,0.0
GunPointOldVersusYoungTEST_normalized,cnn_norm.pth,BU_1,0.99413333333333,1,1.0,0.0
GunPointOldVersusYoungTEST_normalized,cnn_norm.pth,BU_2,0.973533333333333,1,1.0,0.0
ItalyPowerDemandTEST_normalized,logistic-regression_norm.pkl,LSF,0.5,"(0.0, 0.0)",,0.0
ItalyPowerDemandTEST_normalized,logistic-regression_norm.pkl,BU_1,0.914798280763729,"(0.14608695652173911, 0.4471744471744472)",,0.0518123
ItalyPowerDemandTEST_normalized,cnn_norm.pth,OS,0.735475495939331,0.324313799621928,8.71028,0.0
ItalyPowerDemandTEST_normalized,cnn_norm.pth,RDP,0.738595726570268,0.336176212232867,1.60726,0.0
ItalyPowerDemandTEST_normalized,cnn_norm.pth,VW,0.705147553359324,0.395755622481442,4.6672425,0.0
ItalyPowerDemandTEST_normalized,cnn_norm.pth,BU_1,0.858531631968797,0.299149262759925,2.0,0.0
ItalyPowerDemandTEST_normalized,cnn_norm.pth,BU_2,0.66316136966997,0.551519243856333,2.75,0.0
MedicalImagesTEST_normalized,decision-tree_norm.pkl,OS,0.890279728203283,"(0.34224489795918367, 0.9508840864440079)",,47.825906
MedicalImagesTEST_normalized,decision-tree_norm.pkl,RDP,0.887693849360059,"(0.046530612244897955, 0.36489607390300227)",,0.5444192
MedicalImagesTEST_normalized,decision-tree_norm.pkl,VW,0.796375308840383,"(0.11999999999999997, 0.5222929936305732)",,0.0197608
MedicalImagesTEST_normalized,decision-tree_norm.pkl,BU_1,0.914798280763729,"(0.0323469387755102, 0.3697478991596639)",,0.3661287
MedicalImagesTEST_normalized,decision-tree_norm.pkl,LSF,0.5,"(0.0, 0.0)",,0.0
MedicalImagesTEST_normalized,logistic-regression_norm.pkl,OS,0.890279728203283,"(0.5456122448979591, 1.0)",,47.787042
MedicalImagesTEST_normalized,logistic-regression_norm.pkl,RDP,0.887693849360059,"(0.03214285714285715, 1.0)",,0.5586173
MedicalImagesTEST_normalized,logistic-regression_norm.pkl,VW,0.796375308840383,"(0.9999999999999999, 1.0)",,0.0186566
MedicalImagesTEST_normalized,logistic-regression_norm.pkl,BU_1,0.914798280763729,"(1.0102040816326525, 1.0)",,0.3649566
MedicalImagesTEST_normalized,logistic-regression_norm.pkl,LSF,0.5,"(0.0, 0.0)",,0.0
MedicalImagesTEST_normalized,knn_norm.pkl,OS,0.890279728203283,"(0.11316326530612242, 0.8463901689708141)",,47.7388298
MedicalImagesTEST_normalized,knn_norm.pkl,RDP,0.887693849360059,"(0.023877551020408165, 0.7532894736842105)",,0.5532213
MedicalImagesTEST_normalized,knn_norm.pkl,VW,0.796375308840383,"(0.11999999999999997, 0.7126436781609196)",,0.0186052
MedicalImagesTEST_normalized,knn_norm.pkl,BU_1,0.914798280763729,"(0.04428571428571428, 0.5512820512820513)",,0.3646513
MedicalImagesTEST_normalized,knn_norm.pkl,LSF,0.5,"(0.0, 0.0)",,0.0
MedicalImagesTEST_normalized,cnn_norm.pth,OS,0.953281158369442,0.0489552170190785,5.90160027932961,0.0
MedicalImagesTEST_normalized,cnn_norm.pth,RDP,0.917496393002568,0.081721062530441,2.04,0.0
MedicalImagesTEST_normalized,cnn_norm.pth,VW,0.923711432525993,0.065059158913133,6.09629675408985,0.0
MedicalImagesTEST_normalized,cnn_norm.pth,BU_1,0.909927134573755,0.0548586564493912,2.14,0.0
MedicalImagesTEST_normalized,cnn_norm.pth,BU_2,0.861120538101032,0.0995132312661294,2.5,0.0
MiddlePhalanxOutlineAgeGroupTEST_normalized,decision-tree_norm.pkl,OS,0.890279728203283,"(0.2932911392405063, 0.7083333333333333)",,25.8710441
MiddlePhalanxOutlineAgeGroupTEST_normalized,decision-tree_norm.pkl,RDP,0.887693849360059,"(0.13708860759493674, 0.14728682170542629)",,0.5182248
MiddlePhalanxOutlineAgeGroupTEST_normalized,decision-tree_norm.pkl,VW,0.796375308840383,"(0.24215189873417725, 0.602510460251046)",,0.0164214
MiddlePhalanxOutlineAgeGroupTEST_normalized,decision-tree_norm.pkl,BU_1,0.914798280763729,"(0.11873417721518989, 0.2009132420091324)",,0.2802202
MiddlePhalanxOutlineAgeGroupTEST_normalized,decision-tree_norm.pkl,LSF,0.5,"(0.0, 0.0)",,0.0
MiddlePhalanxOutlineAgeGroupTEST_normalized,logistic-regression_norm.pkl,OS,0.890279728203283,"(0.42860759493670886, 1.0)",,25.9069337
MiddlePhalanxOutlineAgeGroupTEST_normalized,logistic-regression_norm.pkl,RDP,0.887693849360059,"(0.13708860759493674, 0.46808510638297873)",,0.5205178
MiddlePhalanxOutlineAgeGroupTEST_normalized,logistic-regression_norm.pkl,VW,0.796375308840383,"(0.24215189873417725, 0.5928338762214984)",,0.0164796
MiddlePhalanxOutlineAgeGroupTEST_normalized,logistic-regression_norm.pkl,BU_1,0.914798280763729,"(0.08151898734177214, 0.3820224719101124)",,0.2813181
MiddlePhalanxOutlineAgeGroupTEST_normalized,logistic-regression_norm.pkl,LSF,0.5,"(0.0, 0.0)",,0.0
MiddlePhalanxOutlineAgeGroupTEST_normalized,knn_norm.pkl,OS,0.890279728203283,"(0.6311392405063291, 0.9397227245328511)",,26.2225762
MiddlePhalanxOutlineAgeGroupTEST_normalized,knn_norm.pkl,RDP,0.887693849360059,"(0.13708860759493674, 0.5177817962628088)",,0.5288057
MiddlePhalanxOutlineAgeGroupTEST_normalized,knn_norm.pkl,VW,0.796375308840383,"(0.24215189873417725, 0.609375)",,0.0166377
MiddlePhalanxOutlineAgeGroupTEST_normalized,knn_norm.pkl,BU_1,0.914798280763729,"(0.08151898734177214, 0.417960088691796)",,0.2827007
MiddlePhalanxOutlineAgeGroupTEST_normalized,knn_norm.pkl,LSF,0.5,"(0.0, 0.0)",,0.0
MiddlePhalanxOutlineAgeGroupTEST_normalized,cnn_norm.pth,OS,0.872892067230694,0.191357974683544,13.6182008195322,0.0
MiddlePhalanxOutlineAgeGroupTEST_normalized,cnn_norm.pth,RDP,0.869234421359958,0.202532658227848,1.76,0.0
MiddlePhalanxOutlineAgeGroupTEST_normalized,cnn_norm.pth,VW,0.823982797493296,0.323865316455696,11.3154771631206,0.0
MiddlePhalanxOutlineAgeGroupTEST_normalized,cnn_norm.pth,BU_1,0.881071431381858,0.186618227848101,4.06,0.0
MiddlePhalanxOutlineAgeGroupTEST_normalized,cnn_norm.pth,BU_2,0.773898893109126,0.360578227848101,6.62,0.0
MiddlePhalanxOutlineCorrectTEST_normalized,cnn_norm.pth,OS,0.902590644367655,0.326404556962025,9.18895648615575,0.0
MiddlePhalanxOutlineCorrectTEST_normalized,cnn_norm.pth,RDP,0.912861066772206,0.333865033292959,1.43,0.0
MiddlePhalanxOutlineCorrectTEST_normalized,cnn_norm.pth,VW,0.871149306774918,0.38566097281801,1.0,0.0
MiddlePhalanxOutlineCorrectTEST_normalized,cnn_norm.pth,BU_1,0.932630844881879,0.585345524944155,3.94957267745953,0.0
MiddlePhalanxOutlineCorrectTEST_normalized,cnn_norm.pth,BU_2,0.831397945560326,0.675292688011914,6.89914535491905,0.0
MiddlePhalanxTWTEST_normalized,decision-tree_norm.pkl,OS,0.890279728203283,"(0.20189873417721518, 0.8260869565217391)",,26.1753853
MiddlePhalanxTWTEST_normalized,decision-tree_norm.pkl,RDP,0.887693849360059,"(0.12518987341772156, 0.5942028985507246)",,0.5114138
MiddlePhalanxTWTEST_normalized,decision-tree_norm.pkl,VW,0.796375308840383,"(0.21417721518987343, 0.7761611639619475)",,0.0164833
MiddlePhalanxTWTEST_normalized,decision-tree_norm.pkl,BU_1,0.914798280763729,"(0.1037974683544304, 0.5108135942327499)",,0.2933789
MiddlePhalanxTWTEST_normalized,decision-tree_norm.pkl,LSF,0.5,"(0.0, 0.0)",,0.0
MiddlePhalanxTWTEST_normalized,logistic-regression_norm.pkl,OS,0.890279728203283,"(0.14481012658227846, 1.0)",,26.2082413
MiddlePhalanxTWTEST_normalized,logistic-regression_norm.pkl,RDP,0.887693849360059,"(0.12518987341772156, 0.929128277817151)",,0.51418
MiddlePhalanxTWTEST_normalized,logistic-regression_norm.pkl,VW,0.796375308840383,"(0.1672151898734177, 1.0)",,0.0165509
MiddlePhalanxTWTEST_normalized,logistic-regression_norm.pkl,BU_1,0.914798280763729,"(0.1037974683544304, 0.725943970767357)",,0.2945411
MiddlePhalanxTWTEST_normalized,logistic-regression_norm.pkl,LSF,0.5,"(0.0, 0.0)",,0.0
MiddlePhalanxTWTEST_normalized,knn_norm.pkl,OS,0.890279728203283,"(0.4492405063291139, 0.858356940509915)",,26.1464419
MiddlePhalanxTWTEST_normalized,knn_norm.pkl,RDP,0.887693849360059,"(0.09037974683544306, 0.5233050847457628)",,0.5131912
MiddlePhalanxTWTEST_normalized,knn_norm.pkl,VW,0.796375308840383,"(0.21417721518987343, 0.7648902821316614)",,0.0165286
MiddlePhalanxTWTEST_normalized,knn_norm.pkl,BU_1,0.914798280763729,"(0.1037974683544304, 0.37252311756935275)",,0.2943909
MiddlePhalanxTWTEST_normalized,knn_norm.pkl,LSF,0.5,"(0.0, 0.0)",,0.0
MiddlePhalanxTWTEST_normalized,cnn_norm.pth,OS,0.939224194349969,0.056607594936709,6.15104738760632,0.0
MiddlePhalanxTWTEST_normalized,cnn_norm.pth,RDP,0.928107763801055,0.0309367088607595,1.85,0.0
MiddlePhalanxTWTEST_normalized,cnn_norm.pth,VW,0.868146719264043,1,1.0,0.0
MiddlePhalanxTWTEST_normalized,cnn_norm.pth,BU_1,0.932960792770779,0.0573164556962026,4.37003114252061,0.0
MiddlePhalanxTWTEST_normalized,cnn_norm.pth,BU_2,0.861298250478018,0.101974683544304,6.97006228504123,0.0
PhalangesOutlinesCorrectTEST_normalized,cnn_norm.pth,OS,0.933358054361608,0.266835443037975,7.616805032927,0.0
PhalangesOutlinesCorrectTEST_normalized,cnn_norm.pth,RDP,0.902937998361717,0.363139240506329,1.01,0.0
PhalangesOutlinesCorrectTEST_normalized,cnn_norm.pth,VW,0.874423540245327,0.439518987341772,1.0,0.0
PhalangesOutlinesCorrectTEST_normalized,cnn_norm.pth,BU_1,0.92835146314639,0.131746835443038,3.09918968978562,0.0
PhalangesOutlinesCorrectTEST_normalized,cnn_norm.pth,BU_2,0.833728161519602,0.250835443037974,5.19837937957125,0.0
PlaneTEST_normalized,decision-tree_norm.pkl,OS,0.890279728203283,"(0.214965034965035, 1.0)",,147.5412382
PlaneTEST_normalized,decision-tree_norm.pkl,RDP,0.887693849360059,"(0.07881118881118881, 0.4552882433045847)",,1.0950474
PlaneTEST_normalized,decision-tree_norm.pkl,VW,0.796375308840383,"(0.1813286713286713, 0.8413705583756346)",,0.0280900999999999
PlaneTEST_normalized,decision-tree_norm.pkl,BU_1,0.914798280763729,"(0.07146853146853148, 0.48478900883218834)",,0.5871825
PlaneTEST_normalized,decision-tree_norm.pkl,LSF,0.5,"(0.0, 0.0)",,0.0
PlaneTEST_normalized,logistic-regression_norm.pkl,OS,0.890279728203283,"(0.1537062937062937, 0.9596774193548387)",,147.673976
PlaneTEST_normalized,logistic-regression_norm.pkl,RDP,0.887693849360059,"(0.07881118881118881, 1.0)",,1.0955291
PlaneTEST_normalized,logistic-regression_norm.pkl,VW,0.796375308840383,"(0.11881118881118882, 1.0)",,0.0283393
PlaneTEST_normalized,logistic-regression_norm.pkl,BU_1,0.914798280763729,"(0.07146853146853148, 0.9216300940438872)",,0.5625959
PlaneTEST_normalized,logistic-regression_norm.pkl,LSF,0.5,"(0.0, 0.0)",,0.0
PlaneTEST_normalized,cnn_norm.pth,OS,0.915057328843237,0.09653044942991,14.9535815481623,0.0
PlaneTEST_normalized,cnn_norm.pth,RDP,0.918486560225712,0.0986633341269359,2.66,0.0
PlaneTEST_normalized,cnn_norm.pth,VW,0.900574220019585,0.101026355748036,13.909818633614,0.0
PlaneTEST_normalized,cnn_norm.pth,BU_1,0.92987307048354,0.0932208819190638,4.85246050087874,0.0
PlaneTEST_normalized,cnn_norm.pth,BU_2,0.849366303374317,0.17944875684512,8.05492100175747,0.0
ProximalPhalanxOutlineAgeGroupTEST_normalized,decision-tree_norm.pkl,OS,0.890279728203283,"(0.4097468354430379, 0.9480249480249481)",,25.95303
ProximalPhalanxOutlineAgeGroupTEST_normalized,decision-tree_norm.pkl,RDP,0.887693849360059,"(0.09341772151898736, 0.3992606284658041)",,0.5525665
ProximalPhalanxOutlineAgeGroupTEST_normalized,decision-tree_norm.pkl,VW,0.796375308840383,"(0.2348101265822785, 0.504950495049505)",,0.0166082
ProximalPhalanxOutlineAgeGroupTEST_normalized,decision-tree_norm.pkl,BU_1,0.914798280763729,"(0.11797468354430382, 0.16000000000000003)",,0.283418
ProximalPhalanxOutlineAgeGroupTEST_normalized,decision-tree_norm.pkl,LSF,0.5,"(0.0, 0.0)",,0.0
ProximalPhalanxOutlineAgeGroupTEST_normalized,logistic-regression_norm.pkl,OS,0.890279728203283,"(0.8427848101265824, 1.0)",,26.1976595
ProximalPhalanxOutlineAgeGroupTEST_normalized,logistic-regression_norm.pkl,RDP,0.887693849360059,"(0.13113924050632914, 1.0)",,0.561126
ProximalPhalanxOutlineAgeGroupTEST_normalized,logistic-regression_norm.pkl,VW,0.796375308840383,"(1.0, 1.0)",,0.0167323
ProximalPhalanxOutlineAgeGroupTEST_normalized,logistic-regression_norm.pkl,BU_1,0.914798280763729,"(0.06329113924050635, 1.0)",,0.2910907
ProximalPhalanxOutlineAgeGroupTEST_normalized,logistic-regression_norm.pkl,LSF,0.5,"(0.0, 0.0)",,0.0
ProximalPhalanxOutlineAgeGroupTEST_normalized,knn_norm.pkl,OS,0.890279728203283,"(0.3410126582278481, 0.9618320610687023)",,25.9693425
ProximalPhalanxOutlineAgeGroupTEST_normalized,knn_norm.pkl,RDP,0.887693849360059,"(0.13113924050632914, 0.45504087193460496)",,0.5526001
ProximalPhalanxOutlineAgeGroupTEST_normalized,knn_norm.pkl,VW,0.796375308840383,"(0.2348101265822785, 0.8275862068965517)",,0.0164401
ProximalPhalanxOutlineAgeGroupTEST_normalized,knn_norm.pkl,BU_1,0.914798280763729,"(0.11797468354430382, 0.4508670520231214)",,0.2832031
ProximalPhalanxOutlineAgeGroupTEST_normalized,knn_norm.pkl,LSF,0.5,"(0.0, 0.0)",,0.0
ProximalPhalanxOutlineAgeGroupTEST_normalized,cnn_norm.pth,OS,0.858622275214335,0.308572237743925,18.3667469648142,0.0
ProximalPhalanxOutlineAgeGroupTEST_normalized,cnn_norm.pth,RDP,0.852230518397074,0.317581536080947,1.92,0.0
ProximalPhalanxOutlineAgeGroupTEST_normalized,cnn_norm.pth,VW,0.810716357736381,0.334670325940234,9.44463593554752,0.0
ProximalPhalanxOutlineAgeGroupTEST_normalized,cnn_norm.pth,BU_1,0.835410384083206,0.687556725738397,3.94651076923077,0.0
ProximalPhalanxOutlineAgeGroupTEST_normalized,cnn_norm.pth,BU_2,0.748467751969609,0.736362396624473,6.14302153846154,0.0
ProximalPhalanxOutlineCorrectTEST_normalized,logistic-regression_norm.pkl,LSF,0.5,"(0.0, 0.0)",,0.0
ProximalPhalanxOutlineCorrectTEST_normalized,logistic-regression_norm.pkl,BU_1,0.914798280763729,"(0.04443037974683545, 0.0)",,0.28244
ProximalPhalanxOutlineCorrectTEST_normalized,logistic-regression_norm.pkl,VW,0.796375308840383,"(1.0, 1.0)",,0.0163426
ProximalPhalanxOutlineCorrectTEST_normalized,logistic-regression_norm.pkl,RDP,0.887693849360059,"(0.13151898734177217, 1.0)",,0.5643075
ProximalPhalanxOutlineCorrectTEST_normalized,knn_norm.pkl,LSF,0.5,"(0.0, 0.0)",,0.0
ProximalPhalanxOutlineCorrectTEST_normalized,cnn_norm.pth,OS,0.898638077787616,0.319936368726485,8.91821026737968,0.0
ProximalPhalanxOutlineCorrectTEST_normalized,cnn_norm.pth,RDP,0.891156657925871,0.344320052451475,1.24359470588235,0.0
ProximalPhalanxOutlineCorrectTEST_normalized,cnn_norm.pth,VW,0.882828393243217,0.396805627181438,10.7257341176471,0.0
ProximalPhalanxOutlineCorrectTEST_normalized,cnn_norm.pth,BU_1,0.922667901745939,0.740426344005958,3.96,0.0
ProximalPhalanxOutlineCorrectTEST_normalized,cnn_norm.pth,BU_2,0.814210803491872,0.778038093819806,6.92,0.0
ProximalPhalanxTWTEST_normalized,decision-tree_norm.pkl,OS,0.890279728203283,"(0.1844303797468354, 1.0)",,26.1381296
ProximalPhalanxTWTEST_normalized,decision-tree_norm.pkl,RDP,0.887693849360059,"(0.11088607594936711, 0.6621621621621622)",,0.5113735
ProximalPhalanxTWTEST_normalized,decision-tree_norm.pkl,VW,0.796375308840383,"(1.0, 1.0)",,0.0164466999999999
ProximalPhalanxTWTEST_normalized,decision-tree_norm.pkl,BU_1,0.914798280763729,"(0.09734177215189874, 0.4923857868020305)",,0.2938036
ProximalPhalanxTWTEST_normalized,decision-tree_norm.pkl,LSF,0.5,"(0.0, 0.0)",,0.0
ProximalPhalanxTWTEST_normalized,logistic-regression_norm.pkl,OS,0.890279728203283,"(0.6879746835443039, 1.0)",,26.3883169
ProximalPhalanxTWTEST_normalized,logistic-regression_norm.pkl,RDP,0.887693849360059,"(0.8184810126582278, 1.0)",,0.5257641
ProximalPhalanxTWTEST_normalized,logistic-regression_norm.pkl,VW,0.796375308840383,"(1.0, 1.0)",,0.0164818
ProximalPhalanxTWTEST_normalized,logistic-regression_norm.pkl,BU_1,0.914798280763729,"(1.0126582278481016, 1.0)",,0.2938477
ProximalPhalanxTWTEST_normalized,logistic-regression_norm.pkl,LSF,0.5,"(0.0, 0.0)",,0.0
ProximalPhalanxTWTEST_normalized,knn_norm.pkl,OS,0.890279728203283,"(0.4768354430379747, 1.0)",,26.8246022
ProximalPhalanxTWTEST_normalized,cnn_norm.pth,OS,0.842793963761349,0.222418214349581,18.6440789189189,0.0
ProximalPhalanxTWTEST_normalized,cnn_norm.pth,RDP,0.840582928138181,0.20983158538581,1.99,0.0
ProximalPhalanxTWTEST_normalized,cnn_norm.pth,VW,0.812003676443996,0.241098707196643,9.79536879279279,0.0
ProximalPhalanxTWTEST_normalized,cnn_norm.pth,BU_1,0.819423864082785,0.129703400227256,3.97698420094649,0.0
ProximalPhalanxTWTEST_normalized,cnn_norm.pth,BU_2,0.716365326829501,0.24674857260641,6.06396840189297,0.0
SmoothSubspaceTEST_normalized,logistic-regression_norm.pkl,LSF,0.5,"(0.0, 0.0)",,0.0
SmoothSubspaceTEST_normalized,logistic-regression_norm.pkl,VW,0.796375308840383,"(0.7599999999999999, 0.9560632688927944)",,0.0052659
SmoothSubspaceTEST_normalized,logistic-regression_norm.pkl,RDP,0.887693849360059,"(0.7207142857142856, 0.9121265377855887)",,0.0836874
SmoothSubspaceTEST_normalized,knn_norm.pkl,LSF,0.5,"(0.0, 0.0)",,0.0
SmoothSubspaceTEST_normalized,cnn_norm.pth,OS,0.821504698985098,0.344981447998964,1.66571474310222,0.0
SmoothSubspaceTEST_normalized,cnn_norm.pth,RDP,0.761445774423368,0.397590476190476,2.91028,0.0
SmoothSubspaceTEST_normalized,cnn_norm.pth,VW,0.676124480461652,0.291270492082411,12.1968,0.0
SmoothSubspaceTEST_normalized,cnn_norm.pth,BU_1,0.955949883867829,0.269748830243275,2.0,0.0
SmoothSubspaceTEST_normalized,cnn_norm.pth,BU_2,0.730320153718114,0.457594766370164,2.78,0.0
SonyAIBORobotSurface1TEST_normalized,decision-tree_norm.pkl,OS,0.890279728203283,"(0.19536231884057972, 0.858356940509915)",,17.6319719
SonyAIBORobotSurface1TEST_normalized,decision-tree_norm.pkl,RDP,0.887693849360059,"(0.2034782608695652, 0.858356940509915)",,0.4180809
SonyAIBORobotSurface1TEST_normalized,decision-tree_norm.pkl,VW,0.796375308840383,"(0.24681159420289855, 0.8962655601659751)",,0.0146136
SonyAIBORobotSurface1TEST_normalized,decision-tree_norm.pkl,BU_1,0.914798280763729,"(0.11260869565217395, 0.48484848484848486)",,0.2439507
SonyAIBORobotSurface1TEST_normalized,decision-tree_norm.pkl,LSF,0.5,"(0.0, 0.0)",,0.0
SonyAIBORobotSurface1TEST_normalized,logistic-regression_norm.pkl,OS,0.890279728203283,"(0.19536231884057972, 1.0)",,17.6695034
SonyAIBORobotSurface1TEST_normalized,logistic-regression_norm.pkl,RDP,0.887693849360059,"(0.87231884057971, 1.0)",,0.4206984
SonyAIBORobotSurface1TEST_normalized,logistic-regression_norm.pkl,VW,0.796375308840383,"(1.0, 1.0)",,0.0145028
SonyAIBORobotSurface1TEST_normalized,logistic-regression_norm.pkl,BU_1,0.914798280763729,"(1.0144927536231882, 1.0)",,0.2424976
SonyAIBORobotSurface1TEST_normalized,logistic-regression_norm.pkl,LSF,0.5,"(0.0, 0.0)",,0.0
SonyAIBORobotSurface1TEST_normalized,knn_norm.pkl,OS,0.890279728203283,"(0.7766666666666666, 1.0)",,17.5736143
SonyAIBORobotSurface1TEST_normalized,knn_norm.pkl,RDP,0.887693849360059,"(0.87231884057971, 1.0)",,0.4225419
SonyAIBORobotSurface1TEST_normalized,knn_norm.pkl,VW,0.796375308840383,"(1.0, 1.0)",,0.0144888
SonyAIBORobotSurface1TEST_normalized,knn_norm.pkl,BU_1,0.914798280763729,"(1.0144927536231882, 1.0)",,0.2436074
SonyAIBORobotSurface1TEST_normalized,knn_norm.pkl,LSF,0.5,"(0.0, 0.0)",,0.0
SonyAIBORobotSurface1TEST_normalized,cnn_norm.pth,OS,0.736419970149294,0.286619253190306,25.143815468114,0.0
SonyAIBORobotSurface1TEST_normalized,cnn_norm.pth,RDP,0.76808068683375,0.305321828437894,1.81,0.0
SonyAIBORobotSurface1TEST_normalized,cnn_norm.pth,VW,0.736051694456325,0.261374288630333,10.0269233378562,0.0
SonyAIBORobotSurface1TEST_normalized,cnn_norm.pth,BU_1,0.726763391171924,0.260657409515138,2.06,0.0
SonyAIBORobotSurface1TEST_normalized,cnn_norm.pth,BU_2,0.526628221591675,0.506726155246984,2.97,0.0
SwedishLeafTEST_normalized,cnn_norm.pth,OS,0.876708074027137,0.11500203200988,24.0940714250432,0.0
SwedishLeafTEST_normalized,cnn_norm.pth,RDP,0.847137560664654,0.129512867419245,2.14,0.0
SwedishLeafTEST_normalized,cnn_norm.pth,VW,0.845251943813211,0.126458047586639,9.92034557313529,0.0
SwedishLeafTEST_normalized,cnn_norm.pth,BU_1,0.829658223103201,0.0937779336625894,4.75744,0.0
SwedishLeafTEST_normalized,cnn_norm.pth,BU_2,0.756917865357778,0.179681851577147,7.72488,0.0
TwoLeadECGTEST_normalized,decision-tree_norm.pkl,OS,0.890279728203283,"(0.2722222222222222, 0.9279538904899135)",,27.6520462
TwoLeadECGTEST_normalized,decision-tree_norm.pkl,RDP,0.887693849360059,"(0.07308641975308644, 0.42660550458715596)",,0.4260893
TwoLeadECGTEST_normalized,decision-tree_norm.pkl,VW,0.796375308840383,"(0.12654320987654322, 0.9177631578947368)",,0.0161471
TwoLeadECGTEST_normalized,decision-tree_norm.pkl,BU_1,0.914798280763729,"(0.0614814814814815, 0.8230088495575221)",,0.2916919
TwoLeadECGTEST_normalized,decision-tree_norm.pkl,LSF,0.5,"(0.0, 0.0)",,0.0
TwoLeadECGTEST_normalized,logistic-regression_norm.pkl,OS,0.890279728203283,"(0.22308641975308643, 1.0)",,27.6480923
TwoLeadECGTEST_normalized,logistic-regression_norm.pkl,RDP,0.887693849360059,"(0.05098765432098766, 0.5931651749389748)",,0.4263029
TwoLeadECGTEST_normalized,logistic-regression_norm.pkl,VW,0.796375308840383,"(0.12654320987654322, 0.9357326478149101)",,0.0162215
TwoLeadECGTEST_normalized,logistic-regression_norm.pkl,BU_1,0.914798280763729,"(0.05135802469135803, 0.537037037037037)",,0.2920553
TwoLeadECGTEST_normalized,logistic-regression_norm.pkl,LSF,0.5,"(0.0, 0.0)",,0.0
TwoLeadECGTEST_normalized,knn_norm.pkl,OS,0.890279728203283,"(0.18938271604938264, 1.0)",,27.5851673
TwoLeadECGTEST_normalized,knn_norm.pkl,RDP,0.887693849360059,"(0.07308641975308644, 0.6511627906976745)",,0.4323692
TwoLeadECGTEST_normalized,knn_norm.pkl,VW,0.796375308840383,"(0.10308641975308641, 1.0)",,0.0170419999999999
TwoLeadECGTEST_normalized,knn_norm.pkl,BU_1,0.914798280763729,"(0.0651851851851852, 0.8520710059171598)",,0.2918854
TwoLeadECGTEST_normalized,knn_norm.pkl,LSF,0.5,"(0.0, 0.0)",,0.0
TwoLeadECGTEST_normalized,cnn_norm.pth,OS,0.935941082213222,0.0794223034719991,5.94129458048977,0.0
TwoLeadECGTEST_normalized,cnn_norm.pth,RDP,0.925166383941965,0.0745834726827279,1.59,0.0
TwoLeadECGTEST_normalized,cnn_norm.pth,VW,0.898059684907149,0.106262716049383,9.3609728103518,0.0
TwoLeadECGTEST_normalized,cnn_norm.pth,BU_1,0.923755074733701,0.0976962962962964,2.72480758685446,0.0
TwoLeadECGTEST_normalized,cnn_norm.pth,BU_2,0.864103577136667,0.183046913580247,4.24961517370892,0.0
TwoPatternsTEST_normalized,decision-tree_norm.pkl,OS,0.890279728203283,"(0.345748031496063, 0.8871331828442438)",,100.0233198
TwoPatternsTEST_normalized,decision-tree_norm.pkl,RDP,0.887693849360059,"(0.0716535433070866, 0.5201535508637236)",,1.1249373
TwoPatternsTEST_normalized,decision-tree_norm.pkl,VW,0.796375308840383,"(0.43188976377952754, 0.9435665914221218)",,0.0256799
TwoPatternsTEST_normalized,decision-tree_norm.pkl,BU_1,0.914798280763729,"(0.10283464566929133, 0.6710526315789473)",,0.4777112
TwoPatternsTEST_normalized,decision-tree_norm.pkl,LSF,0.5,"(0.0, 0.0)",,0.0
TwoPatternsTEST_normalized,logistic-regression_norm.pkl,OS,0.890279728203283,"(0.345748031496063, 1.0)",,101.5683402
TwoPatternsTEST_normalized,logistic-regression_norm.pkl,RDP,0.887693849360059,"(0.3585039370078741, 0.9786689419795221)",,1.136606
TwoPatternsTEST_normalized,logistic-regression_norm.pkl,VW,0.796375308840383,"(0.314251968503937, 1.0)",,0.0256847999999999
TwoPatternsTEST_normalized,logistic-regression_norm.pkl,BU_1,0.914798280763729,"(0.10283464566929133, 0.8490077653149266)",,0.4818144
TwoPatternsTEST_normalized,logistic-regression_norm.pkl,LSF,0.5,"(0.0, 0.0)",,0.0
TwoPatternsTEST_normalized,knn_norm.pkl,OS,0.890279728203283,"(0.345748031496063, 1.0)",,100.8194796
TwoPatternsTEST_normalized,knn_norm.pkl,RDP,0.887693849360059,"(0.0716535433070866, 1.0)",,1.1364466
TwoPatternsTEST_normalized,knn_norm.pkl,VW,0.796375308840383,"(1.0, 1.0)",,0.0264698999999999
TwoPatternsTEST_normalized,knn_norm.pkl,BU_1,0.914798280763729,"(0.05244094488188976, 1.0)",,0.4826947
TwoPatternsTEST_normalized,knn_norm.pkl,LSF,0.5,"(0.0, 0.0)",,0.0
TwoPatternsTEST_normalized,cnn_norm.pth,OS,0.929275528188862,0.0768522835207124,11.3301477572559,0.0
TwoPatternsTEST_normalized,cnn_norm.pth,RDP,0.913038312104808,0.103271475400427,3.515472,0.0
TwoPatternsTEST_normalized,cnn_norm.pth,VW,0.835509309062507,0.145225339068832,1.0,0.0
TwoPatternsTEST_normalized,cnn_norm.pth,BU_1,0.962397447659272,0.0495780075841035,5.18854454170107,0.0
TwoPatternsTEST_normalized,cnn_norm.pth,BU_2,0.905823019422342,0.0912466094418609,8.82708908340215,0.0
UMDTEST_normalized,decision-tree_norm.pkl,OS,0.890279728203283,"(0.3736241610738255, 1.0)",,166.2303933
UMDTEST_normalized,decision-tree_norm.pkl,RDP,0.887693849360059,"(0.016845637583892622, 0.10220994475138123)",,0.855585
UMDTEST_normalized,decision-tree_norm.pkl,VW,0.796375308840383,"(1.0, 1.0)",,0.0284183
UMDTEST_normalized,decision-tree_norm.pkl,BU_1,0.914798280763729,"(0.017248322147651006, 0.22680412371134018)",,0.5868268
UMDTEST_normalized,decision-tree_norm.pkl,LSF,0.5,"(0.0, 0.0)",,0.0
UMDTEST_normalized,logistic-regression_norm.pkl,OS,0.890279728203283,"(0.06422818791946311, 1.0)",,162.8939914
UMDTEST_normalized,logistic-regression_norm.pkl,RDP,0.887693849360059,"(0.05295302013422819, 1.0)",,0.8448511
UMDTEST_normalized,logistic-regression_norm.pkl,VW,0.796375308840383,"(0.06711409395973157, 0.9799839871897518)",,0.0277208
UMDTEST_normalized,logistic-regression_norm.pkl,BU_1,0.914798280763729,"(0.043221476510067115, 0.959951942330797)",,0.5720465
UMDTEST_normalized,logistic-regression_norm.pkl,LSF,0.5,"(0.0, 0.0)",,0.0
UMDTEST_normalized,knn_norm.pkl,OS,0.890279728203283,"(0.06422818791946311, 0.9795417348608838)",,159.7477482
UMDTEST_normalized,knn_norm.pkl,RDP,0.887693849360059,"(0.05295302013422819, 0.9589659417316373)",,0.8155905
UMDTEST_normalized,knn_norm.pkl,VW,0.796375308840383,"(0.06711409395973157, 0.9795417348608838)",,0.0275919
UMDTEST_normalized,knn_norm.pkl,BU_1,0.914798280763729,"(0.043221476510067115, 0.8542880932556203)",,0.5742726
UMDTEST_normalized,knn_norm.pkl,LSF,0.5,"(0.0, 0.0)",,0.0
UMDTEST_normalized,cnn_norm.pth,OS,0.949386790943863,0.0437213539018983,7.40997186079496,0.0
UMDTEST_normalized,cnn_norm.pth,RDP,0.960318331443847,0.0407819661366677,1.7,0.0
UMDTEST_normalized,cnn_norm.pth,VW,0.932934100856876,1,1.0,0.0
UMDTEST_normalized,cnn_norm.pth,BU_1,0.935915830393663,0.0450080435004149,3.71135084381712,0.0
UMDTEST_normalized,cnn_norm.pth,BU_2,0.895265569140291,0.0833046776048567,5.82270168763424,0.0
ChinatownTEST_normalized,cnn_norm.pth,OS,0.7584707730625971,0.30922824841100593,,0.80349403
ChinatownTEST_normalized,cnn_norm.pth,RDP,0.6497875259602811,0.43070411554785987,,0.1091308399999999
ChinatownTEST_normalized,cnn_norm.pth,VW,0.671195510269263,0.40704968642439315,,0.0070638499999999
ChinatownTEST_normalized,cnn_norm.pth,GAP-BU,0.8091613838755372,0.2939770181189439,,0.0563924699999999
ChinatownTEST_normalized,cnn_norm.pth,BU,0.5603270562049592,0.5419513890113771,,0.0581214
ChinatownTEST_normalized,cnn_norm.pth,GAP-BULSF,0.924394950875521,0.22619964230046946,,0.0950570499999999
ChinatownTEST_normalized,cnn_norm.pth,BULSF,0.7316856399236649,0.4075813553641628,,0.0952416
AdiacTEST_normalized,miniRocket_norm.pkl,OS,0.8671611266020506,0.12053663458377259,,0.0
AdiacTEST_normalized,miniRocket_norm.pkl,RDP,0.6651824565592096,0.6642655122655123,,0.0
AdiacTEST_normalized,miniRocket_norm.pkl,VW,0.8126158097931501,0.19162767647616163,,0.0
AdiacTEST_normalized,miniRocket_norm.pkl,BU_1,0.7587849170810407,0.22878540090661337,,0.0
BMETEST_normalized,miniRocket_norm.pkl,OS,0.9609258839836944,0.049105715609078227,,0.0
BMETEST_normalized,miniRocket_norm.pkl,RDP,0.9689812341690668,0.04453756976377949,,0.0
BMETEST_normalized,miniRocket_norm.pkl,VW,0.9677714474946452,0.04383638062191373,,0.0
BMETEST_normalized,miniRocket_norm.pkl,BU_1,0.922488931879987,0.08452592160157187,,0.0
CBFTEST_normalized,miniRocket_norm.pkl,OS,0.798070022576502,0.25836467800186214,,0.0
CBFTEST_normalized,miniRocket_norm.pkl,RDP,0.8785234132507553,0.16219137221144492,,0.0
CBFTEST_normalized,miniRocket_norm.pkl,VW,0.8774651153635492,0.15746444299618567,,0.0
CBFTEST_normalized,miniRocket_norm.pkl,BU_1,0.7641567326823917,0.2877127315937615,,0.0
ChinatownTEST_normalized,miniRocket_norm.pkl,OS,0.889373041370003,0.10167218317659148,,0.0
ChinatownTEST_normalized,miniRocket_norm.pkl,RDP,0.8641637021773109,0.1820693995859215,,0.0
ChinatownTEST_normalized,miniRocket_norm.pkl,VW,0.8726181575063319,0.17642732919254686,,0.0
ChinatownTEST_normalized,miniRocket_norm.pkl,BU_1,0.8223609415904056,0.15695695435864146,,0.0
CropTEST_normalized,miniRocket_norm.pkl,OS,0.9411035482447848,0.050559999999999966,,0.0
CropTEST_normalized,miniRocket_norm.pkl,RDP,0.9228768998570652,0.09349564892623712,,0.0
CropTEST_normalized,miniRocket_norm.pkl,VW,0.8994648608779898,0.060596773211567694,,0.0
CropTEST_normalized,miniRocket_norm.pkl,BU_1,0.8604063414708731,0.10220911111111101,,0.0
DistalPhalanxOutlineAgeGroupTEST_normalized,miniRocket_norm.pkl,OS,0.8978808043523411,0.12051526433358171,,0.0
DistalPhalanxOutlineAgeGroupTEST_normalized,miniRocket_norm.pkl,RDP,0.8842629483979753,0.10906418466120642,,0.0
DistalPhalanxOutlineAgeGroupTEST_normalized,miniRocket_norm.pkl,VW,0.8882028744102772,0.12266606439413853,,0.0
DistalPhalanxOutlineAgeGroupTEST_normalized,miniRocket_norm.pkl,BU_1,0.8086693623155005,0.19866329113924036,,0.0
DistalPhalanxOutlineCorrectTEST_normalized,miniRocket_norm.pkl,OS,0.8561058630352343,0.12468405063291156,,0.0
DistalPhalanxOutlineCorrectTEST_normalized,miniRocket_norm.pkl,RDP,0.8576575712410587,0.14494311611925695,,0.0
DistalPhalanxOutlineCorrectTEST_normalized,miniRocket_norm.pkl,VW,0.8391078155407474,0.21175336619131557,,0.0
DistalPhalanxOutlineCorrectTEST_normalized,miniRocket_norm.pkl,BU_1,0.6970534033464564,0.38592315049226456,,0.0
DistalPhalanxTWTEST_normalized,miniRocket_norm.pkl,OS,0.8575194963915123,0.1887372393647382,,0.0
DistalPhalanxTWTEST_normalized,miniRocket_norm.pkl,RDP,0.8784795537865263,0.09932311174448832,,0.0
DistalPhalanxTWTEST_normalized,miniRocket_norm.pkl,VW,0.8405049003315883,0.14073527851458892,,0.0
DistalPhalanxTWTEST_normalized,miniRocket_norm.pkl,BU_1,0.7374254629594045,0.19183000371244127,,0.0
ECG200TEST_normalized,miniRocket_norm.pkl,OS,0.946255774674984,0.058667985327199405,,0.0
ECG200TEST_normalized,miniRocket_norm.pkl,RDP,0.9344328973479282,0.06138113064490945,,0.0
ECG200TEST_normalized,miniRocket_norm.pkl,VW,0.9250229352513462,0.09536713956650501,,0.0
ECG200TEST_normalized,miniRocket_norm.pkl,BU_1,0.8608720590092843,0.1956082347934208,,0.0
ECG5000TEST_normalized,miniRocket_norm.pkl,OS,0.9809162986850252,0.029383858041801318,,0.0
ECG5000TEST_normalized,miniRocket_norm.pkl,RDP,0.9792169037921572,0.034484704340930296,,0.0
ECG5000TEST_normalized,miniRocket_norm.pkl,VW,0.9780846720844923,0.03395630602955649,,0.0
ECG5000TEST_normalized,miniRocket_norm.pkl,BU_1,0.964349035664422,0.060146001889248235,,0.0
ECGFiveDaysTEST_normalized,miniRocket_norm.pkl,OS,0.9661807407407408,0.04533872053872059,,0.0
ECGFiveDaysTEST_normalized,miniRocket_norm.pkl,RDP,0.9609414814814814,0.04888888888888889,,0.0
ECGFiveDaysTEST_normalized,miniRocket_norm.pkl,VW,0.9650829629629628,0.044074074074074036,,0.0
ECGFiveDaysTEST_normalized,miniRocket_norm.pkl,BU_1,0.9353644444444444,0.08296296296296297,,0.0
ElectricDevicesTEST_normalized,miniRocket_norm.pkl,OS,0.8959380049491747,0.056223157894736836,,0.0
ElectricDevicesTEST_normalized,miniRocket_norm.pkl,RDP,0.9809161924132108,0.01709473684210528,,0.0
ElectricDevicesTEST_normalized,miniRocket_norm.pkl,VW,0.9237402639647156,0.11526063157894736,,0.0
ElectricDevicesTEST_normalized,miniRocket_norm.pkl,BU_1,0.8929466189697879,0.06496842105263151,,0.0
FaceAllTEST_normalized,miniRocket_norm.pkl,OS,0.9104665614285624,0.06372003232789716,,0.0
FaceAllTEST_normalized,miniRocket_norm.pkl,RDP,0.8603473563674332,0.22370335063709293,,0.0
FaceAllTEST_normalized,miniRocket_norm.pkl,VW,0.9047587710524794,0.131444582651391,,0.0
FaceAllTEST_normalized,miniRocket_norm.pkl,BU_1,0.8094677966315863,0.19106356792144025,,0.0
FacesUCRTEST_normalized,miniRocket_norm.pkl,OS,0.9412624291738232,0.08223556242752211,,0.0
FacesUCRTEST_normalized,miniRocket_norm.pkl,RDP,0.9028602521338968,0.12371530364372454,,0.0
FacesUCRTEST_normalized,miniRocket_norm.pkl,VW,0.8908447227029272,0.14190908502024274,,0.0
FacesUCRTEST_normalized,miniRocket_norm.pkl,BU_1,0.8464119836376383,0.14797434817813748,,0.0
GunPointTEST_normalized,miniRocket_norm.pkl,OS,0.9748202954483388,0.035791544286618494,,0.0
GunPointTEST_normalized,miniRocket_norm.pkl,RDP,0.9687624694281602,0.04199044449994766,,0.0
GunPointTEST_normalized,miniRocket_norm.pkl,VW,0.9745710234994748,0.03611915209036639,,0.0
GunPointTEST_normalized,miniRocket_norm.pkl,BU_1,0.9610656395952528,0.050480575803816125,,0.0
GunPointAgeSpanTEST_normalized,miniRocket_norm.pkl,OS,0.9753328859060404,0.030567419158023208,,0.0
GunPointAgeSpanTEST_normalized,miniRocket_norm.pkl,RDP,0.9630885906040269,0.032953020134228204,,0.0
GunPointAgeSpanTEST_normalized,miniRocket_norm.pkl,VW,0.9741389261744966,0.03194630872483223,,0.0
GunPointAgeSpanTEST_normalized,miniRocket_norm.pkl,BU_1,0.9614724832214764,0.05637583892617447,,0.0
GunPointMaleVersusFemaleTEST_normalized,miniRocket_norm.pkl,OS,0.9745706926019608,0.03434901938851606,,0.0
GunPointMaleVersusFemaleTEST_normalized,miniRocket_norm.pkl,RDP,0.9669700733970452,0.030609926690758914,,0.0
GunPointMaleVersusFemaleTEST_normalized,miniRocket_norm.pkl,VW,0.9799632540111102,0.02587279538005306,,0.0
GunPointMaleVersusFemaleTEST_normalized,miniRocket_norm.pkl,BU_1,0.9627092722025004,0.04651651695061086,,0.0
GunPointOldVersusYoungTEST_normalized,miniRocket_norm.pkl,OS,0.9746125660458228,0.03586359162090709,,0.0
GunPointOldVersusYoungTEST_normalized,miniRocket_norm.pkl,RDP,0.9691272159535776,0.04453470544369873,,0.0
GunPointOldVersusYoungTEST_normalized,miniRocket_norm.pkl,VW,0.9697447035613048,0.03803997017151383,,0.0
GunPointOldVersusYoungTEST_normalized,miniRocket_norm.pkl,BU_1,0.9460111777900756,0.07036002982848626,,0.0
ItalyPowerDemandTEST_normalized,miniRocket_norm.pkl,OS,0.8323849640299114,0.19256063953994942,,0.0
ItalyPowerDemandTEST_normalized,miniRocket_norm.pkl,RDP,0.857458604492737,0.18379076762220087,,0.0
ItalyPowerDemandTEST_normalized,miniRocket_norm.pkl,VW,0.8386522144436077,0.19025634935836042,,0.0
ItalyPowerDemandTEST_normalized,miniRocket_norm.pkl,BU_1,0.7551831012813801,0.2868431496424656,,0.0
MedicalImagesTEST_normalized,miniRocket_norm.pkl,OS,0.9108905420088034,0.10802626477956306,,0.0
MedicalImagesTEST_normalized,miniRocket_norm.pkl,RDP,0.8432096292718664,0.18429959183673464,,0.0
MedicalImagesTEST_normalized,miniRocket_norm.pkl,VW,0.8968640777850664,0.12146472360059193,,0.0
MedicalImagesTEST_normalized,miniRocket_norm.pkl,BU_1,0.8521202686578143,0.1163461215268372,,0.0
MiddlePhalanxOutlineAgeGroupTEST_normalized,miniRocket_norm.pkl,OS,0.8294447702750242,0.20561215189873405,,0.0
MiddlePhalanxOutlineAgeGroupTEST_normalized,miniRocket_norm.pkl,RDP,0.8141392865076518,0.36505164556962033,,0.0
MiddlePhalanxOutlineAgeGroupTEST_normalized,miniRocket_norm.pkl,VW,0.773896023702122,0.3399369389659904,,0.0
MiddlePhalanxOutlineAgeGroupTEST_normalized,miniRocket_norm.pkl,BU_1,0.6512367448162879,0.5962207594936709,,0.0
MiddlePhalanxOutlineCorrectTEST_normalized,miniRocket_norm.pkl,OS,0.8377990331914187,0.22546381382015285,,0.0
MiddlePhalanxOutlineCorrectTEST_normalized,miniRocket_norm.pkl,RDP,0.8345578543070415,0.22622298725741907,,0.0
MiddlePhalanxOutlineCorrectTEST_normalized,miniRocket_norm.pkl,VW,0.8066400444876963,0.2433594855742772,,0.0
MiddlePhalanxOutlineCorrectTEST_normalized,miniRocket_norm.pkl,BU_1,0.7241070665629666,0.36502753209107264,,0.0
MiddlePhalanxTWTEST_normalized,miniRocket_norm.pkl,OS,0.8148330629442126,0.30194835443037965,,0.0
MiddlePhalanxTWTEST_normalized,miniRocket_norm.pkl,RDP,0.7829549751793348,0.36202519650241477,,0.0
MiddlePhalanxTWTEST_normalized,miniRocket_norm.pkl,VW,0.7578097411631589,0.30393010963402367,,0.0
MiddlePhalanxTWTEST_normalized,miniRocket_norm.pkl,BU_1,0.6740033291578112,0.5591400506329115,,0.0
MoteStrainTEST_normalized,miniRocket_norm.pkl,OS,0.959298701177175,0.0457742978509522,,0.0
MoteStrainTEST_normalized,miniRocket_norm.pkl,RDP,0.9144283315646846,0.07539893977525136,,0.0
MoteStrainTEST_normalized,miniRocket_norm.pkl,VW,0.9196352854473566,0.05607844124670046,,0.0
MoteStrainTEST_normalized,miniRocket_norm.pkl,BU_1,0.8884201483187167,0.09037582838240008,,0.0
PhalangesOutlinesCorrectTEST_normalized,miniRocket_norm.pkl,OS,0.869495263921787,0.15138141709123382,,0.0
PhalangesOutlinesCorrectTEST_normalized,miniRocket_norm.pkl,RDP,0.861723373041553,0.21526267219775402,,0.0
PhalangesOutlinesCorrectTEST_normalized,miniRocket_norm.pkl,VW,0.8159081990682867,0.18344058289595544,,0.0
PhalangesOutlinesCorrectTEST_normalized,miniRocket_norm.pkl,BU_1,0.7603757961026759,0.2928890073008035,,0.0
PlaneTEST_normalized,miniRocket_norm.pkl,OS,0.965,0.05180419580419581,,0.0
PlaneTEST_normalized,miniRocket_norm.pkl,RDP,0.9398532984510414,0.06559948004936242,,0.0
PlaneTEST_normalized,miniRocket_norm.pkl,VW,0.943581942085742,0.0631881144877428,,0.0
PlaneTEST_normalized,miniRocket_norm.pkl,BU_1,0.904362284340263,0.11259693953105722,,0.0
PowerConsTEST_normalized,miniRocket_norm.pkl,OS,0.9361750077377604,0.08727095481441638,,0.0
PowerConsTEST_normalized,miniRocket_norm.pkl,RDP,0.9394263106028204,0.06657854760623992,,0.0
PowerConsTEST_normalized,miniRocket_norm.pkl,VW,0.9257474346803614,0.08946752555137169,,0.0
PowerConsTEST_normalized,miniRocket_norm.pkl,BU_1,0.8985869440615832,0.13706147821409356,,0.0
ProximalPhalanxOutlineAgeGroupTEST_normalized,miniRocket_norm.pkl,OS,0.7973542847075218,0.35243051974566897,,0.0
ProximalPhalanxOutlineAgeGroupTEST_normalized,miniRocket_norm.pkl,RDP,0.772724498155738,0.3438255863423361,,0.0
ProximalPhalanxOutlineAgeGroupTEST_normalized,miniRocket_norm.pkl,VW,0.7445126758459162,0.4271294936708862,,0.0
ProximalPhalanxOutlineAgeGroupTEST_normalized,miniRocket_norm.pkl,BU_1,0.6794370018834217,0.5215295189873419,,0.0
ProximalPhalanxOutlineCorrectTEST_normalized,miniRocket_norm.pkl,OS,0.8125321117044166,0.2582278481012658,,0.0
ProximalPhalanxOutlineCorrectTEST_normalized,miniRocket_norm.pkl,RDP,0.7871822801565989,0.29872223549080484,,0.0
ProximalPhalanxOutlineCorrectTEST_normalized,miniRocket_norm.pkl,VW,0.7443917765584875,0.29014478931853654,,0.0
ProximalPhalanxOutlineCorrectTEST_normalized,miniRocket_norm.pkl,BU_1,0.6625417486766203,0.5295506329113924,,0.0
ProximalPhalanxTWTEST_normalized,miniRocket_norm.pkl,OS,0.8662025316455699,0.012658227848101267,,0.0
ProximalPhalanxTWTEST_normalized,miniRocket_norm.pkl,RDP,0.4181012658227848,0.013078611798776216,,0.0
ProximalPhalanxTWTEST_normalized,miniRocket_norm.pkl,VW,0.3677848101265824,0.012658227848101267,,0.0
ProximalPhalanxTWTEST_normalized,miniRocket_norm.pkl,BU_1,0.4120253164556961,0.012658227848101267,,0.0
SmoothSubspaceTEST_normalized,miniRocket_norm.pkl,OS,0.7587042261819777,0.3475205552089832,,0.0
SmoothSubspaceTEST_normalized,miniRocket_norm.pkl,RDP,0.6471113379333178,0.4442499999999999,,0.0
SmoothSubspaceTEST_normalized,miniRocket_norm.pkl,VW,0.7317197941207743,0.38624885647994683,,0.0
SmoothSubspaceTEST_normalized,miniRocket_norm.pkl,BU_1,0.6774698217851496,0.48319470899470934,,0.0
SonyAIBORobotSurface1TEST_normalized,miniRocket_norm.pkl,OS,0.8638371577392195,0.20116248581851195,,0.0
SonyAIBORobotSurface1TEST_normalized,miniRocket_norm.pkl,RDP,0.8559902660780365,0.16855283635580845,,0.0
SonyAIBORobotSurface1TEST_normalized,miniRocket_norm.pkl,VW,0.8323378814802783,0.21539046096381756,,0.0
SonyAIBORobotSurface1TEST_normalized,miniRocket_norm.pkl,BU_1,0.690785505431436,0.4255626290465768,,0.0
SonyAIBORobotSurface2TEST_normalized,miniRocket_norm.pkl,OS,0.8926191606057381,0.1222580368654311,,0.0
SonyAIBORobotSurface2TEST_normalized,miniRocket_norm.pkl,RDP,0.9151232929693088,0.12683696914083742,,0.0
SonyAIBORobotSurface2TEST_normalized,miniRocket_norm.pkl,VW,0.8734869110705501,0.1380633849918434,,0.0
SonyAIBORobotSurface2TEST_normalized,miniRocket_norm.pkl,BU_1,0.8317573738957896,0.21411875,,0.0
SwedishLeafTEST_normalized,miniRocket_norm.pkl,OS,0.879528630031581,0.12123686433001171,,0.0
SwedishLeafTEST_normalized,miniRocket_norm.pkl,RDP,0.8782405326758947,0.21477207349081368,,0.0
SwedishLeafTEST_normalized,miniRocket_norm.pkl,VW,0.8777980178542295,0.11807624117407846,,0.0
SwedishLeafTEST_normalized,miniRocket_norm.pkl,BU_1,0.7590081618120301,0.2785405007765037,,0.0
TwoLeadECGTEST_normalized,miniRocket_norm.pkl,OS,0.928300309999273,0.08244114949683588,,0.0
TwoLeadECGTEST_normalized,miniRocket_norm.pkl,RDP,0.925500534991086,0.0969032845730885,,0.0
TwoLeadECGTEST_normalized,miniRocket_norm.pkl,VW,0.9303689643599364,0.07948385280037953,,0.0
TwoLeadECGTEST_normalized,miniRocket_norm.pkl,BU_1,0.8892676670422213,0.1440857136928844,,0.0
TwoPatternsTEST_normalized,miniRocket_norm.pkl,OS,0.951487121868786,0.07150235512695736,,0.0
TwoPatternsTEST_normalized,miniRocket_norm.pkl,RDP,0.9610461198050798,0.05715699751432596,,0.0
TwoPatternsTEST_normalized,miniRocket_norm.pkl,VW,0.9545423653582572,0.06629022120125543,,0.0
TwoPatternsTEST_normalized,miniRocket_norm.pkl,BU_1,0.9610226377766672,0.057695702733787414,,0.0
UMDTEST_normalized,miniRocket_norm.pkl,OS,0.959916552283864,0.04625496532257772,,0.0
UMDTEST_normalized,miniRocket_norm.pkl,RDP,0.957794196879268,0.049192283770695386,,0.0
UMDTEST_normalized,miniRocket_norm.pkl,VW,0.9528657738079924,0.04644969132074607,,0.0
UMDTEST_normalized,miniRocket_norm.pkl,BU_1,0.9174915761062528,0.08662961364880402,,0.0
WaferTEST_normalized,miniRocket_norm.pkl,OS,0.9545948530723125,0.054370689196303515,,0.0
WaferTEST_normalized,miniRocket_norm.pkl,RDP,0.9512168814588042,0.05983787256249497,,0.0
WaferTEST_normalized,miniRocket_norm.pkl,VW,0.9630214637355474,0.045620983704144635,,0.0
WaferTEST_normalized,miniRocket_norm.pkl,BU_1,0.9486083118561096,0.059634765395540454,,0.0
